<coordinator-app xmlns = "uri:oozie:coordinator:0.2" name =
   "COPYDATA_FROM_CDW_SAPP"  frequency = "0/20 8-18 * * 2-6"  start = "2019-04-16T00:00Z" end = "2019-04-16T23:59Z" timezone = "America/New_York" >
   
   <controls>
      <timeout>1</timeout>
      <concurrency>1</concurrency>
      <execution>LAST_ONLY</execution>
      <throttle>1</throttle>
   </controls>
      <action>
      <workflow>
         <app-path>${nameNode}/Credit_Card_System/optimized/oozie/wf_optimized.xml</app-path>
      </workflow>
   </action>
</coordinator-app>
