<workflow-app xmlns = "uri:oozie:workflow:0.2" name = "FINAL CASE OPTIMIZED WORKFLOW">

  <start to = "import-branches" />
  <!-- Importing Branch Data from MySQL Database CDW_SAPP.CD_SAPP_BRANCH -->
    <action name="import-branches">    <!--node name-->
       <sqoop xmlns="uri:oozie:sqoop-action:0.2">
          <job-tracker>${jobTracker}</job-tracker>  <!--Data node variable -->
           <name-node>${nameNode}</name-node>    <!--name node variable -->        
           <prepare>
            <delete path="/Credit_Card_System/Branch"/>
           </prepare>
           <configuration>
               <property>
                   <name>mapred.job.queue.name</name>
                   <value>${queueName}</value>
               </property>
           </configuration>
           
            <arg>job</arg> 
            <arg>--meta-connect</arg>
            <arg>jdbc:hsqldb:hsql://localhost:16000/sqoop</arg> 
            <arg>--exec</arg>
            <arg>importBranchOpt</arg>
            <archive>/user/oozie/share/lib/lib_20161025075203/sqoop/java-json.jar#java-json.jar</archive>
       </sqoop>
      <ok to="insert-branch"/>
      <error to = "kill_job_sqoop_error" />
    </action>

 <!-- Appending Branch Data into Hive Database CDW_SAPP.CDW_SAPP_D_BRANCH -->
    <action name = "insert-branch">
      <hive xmlns = "uri:oozie:hive-action:0.4">
         <job-tracker>${jobTracker}</job-tracker>
         <name-node>${nameNode}</name-node>
         <script>${nameNode}/Credit_Card_System/optimized/hive/ins_branch_opt.hql</script>
      </hive>
      <ok to = "import-customers" />
      <error to = "kill_job_hive_error" />
    </action>

<!-- Importing Customers Data from MySQL Database CDW_SAPP.CD_SAPP_CUSTOMER -->
<action name="import-customers">    
       <sqoop xmlns="uri:oozie:sqoop-action:0.2">
          <job-tracker>${jobTracker}</job-tracker>  
           <name-node>${nameNode}</name-node>            
           <prepare>
            <delete path="/Credit_Card_System/Customer"/>
           </prepare>
           <configuration>
               <property>
                   <name>mapred.job.queue.name</name>
                   <value>${queueName}</value>
               </property>
           </configuration>
           
            <arg>job</arg> 
            <arg>--meta-connect</arg>
            <arg>jdbc:hsqldb:hsql://localhost:16000/sqoop</arg> 
            <arg>--exec</arg>
            <arg>importCustomerOpt</arg>
            <archive>/user/oozie/share/lib/lib_20161025075203/sqoop/java-json.jar#java-json.jar</archive>
       </sqoop>
      <ok to="insert-customer"/>
      <error to = "kill_job_sqoop_error" />
    </action>

<!-- Appending Customer Data into Hive Database CDW_SAPP.CDW_SAPP_D_CUSTOMER -->
    <action name = "insert-customer">
      <hive xmlns = "uri:oozie:hive-action:0.4">
         <job-tracker>${jobTracker}</job-tracker>
         <name-node>${nameNode}</name-node>
         <script>${nameNode}/Credit_Card_System/optimized/hive/ins_customer_opt.hql</script>
      </hive>
      <ok to = "import-creditcard" />
      <error to = "kill_job_hive_error" />
    </action>	

<!-- Importing Credit Card Data from MySQL Database CDW_SAPP.CD_SAPP_CREDITCARD -->
<action name="import-creditcard">    
       <sqoop xmlns="uri:oozie:sqoop-action:0.2">
          <job-tracker>${jobTracker}</job-tracker>  
           <name-node>${nameNode}</name-node>            
           <prepare>
            <delete path="/Credit_Card_System/CreditCard"/>
           </prepare>
           <configuration>
               <property>
                   <name>mapred.job.queue.name</name>
                   <value>${queueName}</value>
               </property>
           </configuration>
           
            <arg>job</arg> 
            <arg>--meta-connect</arg>
            <arg>jdbc:hsqldb:hsql://localhost:16000/sqoop</arg> 
            <arg>--exec</arg>
            <arg>importCreditCardOpt</arg>
            <archive>/user/oozie/share/lib/lib_20161025075203/sqoop/java-json.jar#java-json.jar</archive>
       </sqoop>
      <ok to="insert-creditcard"/>
      <error to = "kill_job_sqoop_error" />
    </action>

<!-- Appending Credit Card Data into Hive Database CDW_SAPP.CDW_SAPP_F_CREDITCARD -->
    <action name = "insert-creditcard">
      <hive xmlns = "uri:oozie:hive-action:0.4">
         <job-tracker>${jobTracker}</job-tracker>
         <name-node>${nameNode}</name-node>
         <script>${nameNode}/Credit_Card_System/optimized/hive/ins_credit_card_opt.hql</script>
      </hive>
      <ok to = "import-time" />
      <error to = "kill_job_hive_error" />
    </action> 
   
<!-- Importing Time Data from MySQL Database CDW_SAPP.CD_SAPP_CREDITCARD -->
<action name="import-time">    
       <sqoop xmlns="uri:oozie:sqoop-action:0.2">
          <job-tracker>${jobTracker}</job-tracker>  
           <name-node>${nameNode}</name-node>            
           <prepare>
            <delete path="/Credit_Card_System/Time"/>
           </prepare>
           <configuration>
               <property>
                   <name>mapred.job.queue.name</name>
                   <value>${queueName}</value>
               </property>
           </configuration>
           
            <arg>job</arg> 
            <arg>--meta-connect</arg>
            <arg>jdbc:hsqldb:hsql://localhost:16000/sqoop</arg> 
            <arg>--exec</arg>
            <arg>importTimeOpt</arg>
            <archive>/user/oozie/share/lib/lib_20161025075203/sqoop/java-json.jar#java-json.jar</archive>
       </sqoop>
      <ok to="insert-time"/>
      <error to = "kill_job_sqoop_error" />
    </action>

<!-- Appending Time Data into Hive Database CDW_SAPP.CDW_SAPP_D_TIME -->
    <action name = "insert-time">
      <hive xmlns = "uri:oozie:hive-action:0.4">
         <job-tracker>${jobTracker}</job-tracker>
         <name-node>${nameNode}</name-node>
         <script>${nameNode}/Credit_Card_System/optimized/hive/ins_time_opt.hql</script>
      </hive>
      <ok to = "end" />
      <error to = "kill_job_hive_error" />
    </action> 
 
   <kill name = "kill_job_hive_error">
      <message>Job failed. Unexpected error in Hive action</message>
   </kill>

   <kill name = "kill_job_sqoop_error">
      <message>Job failed. Unexpectde error in Sqoop action</message>
   </kill>

   <end name = "end" />

</workflow-app>
