<workflow-app xmlns = "uri:oozie:workflow:0.2" name = "FINAL CASE UNOPTIMIZED WORKFLOW">

  <start to = "import-branches" />
  <!-- Importing Branch Data from MySQL Database CDW_SAPP.CD_SAPP_BRANCH -->
    <action name="import-branches">    <!--node name-->
       <sqoop xmlns="uri:oozie:sqoop-action:0.2">
          <job-tracker>${jobTracker}</job-tracker>  
           <name-node>${nameNode}</name-node>    
           <configuration>
               <property>
                   <name>mapred.job.queue.name</name>
                   <value>${queueName}</value>
               </property>
           </configuration>
           
            <arg>import</arg> 
            <arg>--driver</arg>
            <arg>com.mysql.jdbc.Driver</arg> 
            <arg>--connect</arg>
            <arg>jdbc:mysql://localhost/cdw_sapp</arg> 
            <arg>--query</arg>
            <arg>SELECT branch_code, branch_name, branch_street, branch_city, branch_state, IF(branch_zip IS NULL, 999999, branch_zip) AS br_zip, CONCAT('(', SUBSTR(branch_phone,1,3),')',SUBSTR(branch_phone,4,3),'-',SUBSTR(branch_phone,7,4)) AS br_phone, last_updated FROM cdw_sapp_branch WHERE $CONDITIONS</arg>
            <arg>--fields-terminated-by</arg>
            <arg>\t</arg>
            <arg>--delete-target-dir</arg> 
            <arg>--target-dir</arg>
            <arg>/Credit_Card_System/Branch</arg>
            <arg>-m</arg>
            <arg>1</arg> 
       </sqoop>
      <ok to="insert-branch"/>
      <error to = "kill_job_sqoop_error" />
    </action>

  <!-- INSERT OVERWIRTE into Warehouse Hive Database CDW_SAPP.CDW_SAPP_D_BRANCH -->
    <action name = "insert-branch">
      <hive xmlns = "uri:oozie:hive-action:0.4">
         <job-tracker>${jobTracker}</job-tracker>
         <name-node>${nameNode}</name-node>
         <script>${nameNode}/Credit_Card_System/unoptimized/hive/ins_branch.hql</script>
      </hive>
      <ok to = "import-customers" />
      <error to = "kill_job_hive_error" />
    </action>

<!-- Importing Customers Data from MySQL Database CDW_SAPP.CDW_SAPP_CUSTOMER -->
<action name="import-customers">    
       <sqoop xmlns="uri:oozie:sqoop-action:0.2">
          <job-tracker>${jobTracker}</job-tracker>  
           <name-node>${nameNode}</name-node>            
           <configuration>
               <property>
                   <name>mapred.job.queue.name</name>
                   <value>${queueName}</value>
               </property>
           </configuration>
           
            <arg>import</arg> 
            <arg>--driver</arg>
            <arg>com.mysql.jdbc.Driver</arg> 
            <arg>--connect</arg>
            <arg>jdbc:mysql://localhost/cdw_sapp</arg> 
            <arg>--query</arg>
            <arg>SELECT ssn, CONCAT(UPPER(SUBSTR(first_name,1,1)), LOWER(RIGHT(first_name, LENGTH(first_name)-1))) AS fn, LOWER(middle_name) AS mn, CONCAT(UPPER(SUBSTR(last_name,1,1)), LOWER(RIGHT(last_name, LENGTH(last_name)-1))) AS ln, credit_card_no, CONCAT(street_name, ', ', apt_no) AS apt_street, cust_city, cust_state, cust_country, CONVERT(cust_zip, UNSIGNED INTEGER) cz, CONCAT(SUBSTR(cust_phone,1,3),'-',SUBSTR(cust_phone,4,4)) AS cu_phone, cust_email, last_updated FROM cdw_sapp_customer WHERE $CONDITIONS</arg>
            <arg>--fields-terminated-by</arg>
            <arg>\t</arg>
            <arg>--delete-target-dir</arg> 
            <arg>--target-dir</arg>
            <arg>/Credit_Card_System/Customer</arg> 
            <arg>-m</arg>
            <arg>1</arg>
       </sqoop>
      <ok to="insert-customer"/>
      <error to = "kill_job_sqoop_error" />
    </action>

<!-- INSERT OVERWIRTE into Warehouse Hive Database CDW_SAPP.CDW_SAPP_D_CUSTOMER -->
    <action name = "insert-customer">
      <hive xmlns = "uri:oozie:hive-action:0.4">
         <job-tracker>${jobTracker}</job-tracker>
         <name-node>${nameNode}</name-node>
         <script>${nameNode}/Credit_Card_System/unoptimized/hive/ins_customer.hql</script>
      </hive>
      <ok to = "import-creditcard" />
      <error to = "kill_job_hive_error" />
    </action>	

<!-- Importing Credit Card Data from MySQL Database CDW_SAPP.CD_SAPP_CREDITCARD -->
<action name="import-creditcard">    
       <sqoop xmlns="uri:oozie:sqoop-action:0.2">
          <job-tracker>${jobTracker}</job-tracker>  
           <name-node>${nameNode}</name-node>            
           <configuration>
               <property>
                   <name>mapred.job.queue.name</name>
                   <value>${queueName}</value>
               </property>
           </configuration>
           
            <arg>import</arg> 
            <arg>--driver</arg>
            <arg>com.mysql.jdbc.Driver</arg> 
            <arg>--connect</arg>
            <arg>jdbc:mysql://localhost/cdw_sapp</arg> 
            <arg>--query</arg>
            <arg>SELECT credit_card_no, DATE_FORMAT(CONCAT(year, '-', month, '-', day), GET_FORMAT(DATE, 'INTERNAL')) AS timeid, cust_ssn, branch_code, transaction_type, transaction_value, transaction_id, last_updated FROM cdw_sapp_creditcard WHERE $CONDITIONS</arg>
            <arg>--fields-terminated-by</arg>
            <arg>\t</arg>
            <arg>--delete-target-dir</arg> 
            <arg>--target-dir</arg>
            <arg>/Credit_Card_System/CreditCard</arg> 
            <arg>-m</arg>
            <arg>1</arg> 
       </sqoop>
      <ok to="insert-creditcard"/>
      <error to = "kill_job_sqoop_error" />
    </action>

<!-- INSERT OVERWIRTE into Warehouse Hive Database CDW_SAPP.CDW_SAPP_F_CREDITCARD -->
    <action name = "insert-creditcard">
      <hive xmlns = "uri:oozie:hive-action:0.4">
         <job-tracker>${jobTracker}</job-tracker>
         <name-node>${nameNode}</name-node>
         <script>${nameNode}/Credit_Card_System/unoptimized/hive/ins_credit_card.hql</script>
      </hive>
      <ok to = "import-time" />
      <error to = "kill_job_hive_error" />
    </action> 
   
<!-- Importing Time Data from MySQL Database CDW_SAPP.CD_SAPP_CREDITCARD -->
<action name="import-time">    
       <sqoop xmlns="uri:oozie:sqoop-action:0.2">
          <job-tracker>${jobTracker}</job-tracker>  
           <name-node>${nameNode}</name-node>            
           <configuration>
               <property>
                   <name>mapred.job.queue.name</name>
                   <value>${queueName}</value>
               </property>
           </configuration>
           
            <arg>import</arg> 
            <arg>--driver</arg>
            <arg>com.mysql.jdbc.Driver</arg> 
            <arg>--connect</arg>
            <arg>jdbc:mysql://localhost/cdw_sapp</arg> 
            <arg>--query</arg>
            <arg>SELECT transaction_id, DATE_FORMAT(CONCAT(year, '-', month, '-', day), GET_FORMAT(DATE, 'INTERNAL')) AS timeid, day, month, CEILING(month/3) AS quarter, year, last_updated FROM cdw_sapp_creditcard WHERE $CONDITIONS</arg>
            <arg>--fields-terminated-by</arg>
            <arg>\t</arg>
            <arg>--delete-target-dir</arg> 
            <arg>--target-dir</arg>
            <arg>/Credit_Card_System/Time</arg> 
            <arg>-m</arg>
            <arg>1</arg>
       </sqoop>
      <ok to="insert-time"/>
      <error to = "kill_job_sqoop_error" />
    </action>

<!-- INSERT OVERWIRTE into Warehouse Hive Database CDW_SAPP.CDW_SAPP_F_CREDITCARD -->
    <action name = "insert-time">
      <hive xmlns = "uri:oozie:hive-action:0.4">
         <job-tracker>${jobTracker}</job-tracker>
         <name-node>${nameNode}</name-node>
         <script>${nameNode}/Credit_Card_System/unoptimized/hive/ins_time.hql</script>
      </hive>
      <ok to = "end" />
      <error to = "kill_job_hive_error" />
    </action> 
 

   <kill name = "kill_job_sqoop_error">
      <message>Job failed. Unexpected error in Sqoop action</message>
   </kill>

   <kill name = "kill_job_hive_error">
      <message>Job failed. Unexpected error in Hive action</message>
   </kill>

   <end name = "end" />
</workflow-app>
