<coordinator-app xmlns = "uri:oozie:coordinator:0.2" name =
   "copydata_from_CDW"  frequency = "0/5 * * * 2-6"  start = "2019-04-04T11:10Z" end = "2019-04-04T11:13Z" timezone = "America/New_York" >
   
   <controls>
      <timeout>1</timeout>
      <concurrency>1</concurrency>
      <execution>FIFO</execution>
      <throttle>1</throttle>
   </controls>
      <action>
      <workflow>
         <app-path>${nameNode}/user/root/finalcase/optimized/oozie/wf_optimized.xml</app-path>
      </workflow>
   </action>
</coordinator-app>
